{
	"partitions" : [
		{
			"name" : "Top",
			"pins" : [
				{
					"name" : "L1[0]",
					"strict" : false
				},
				{
					"name" : "L1[1]",
					"strict" : false
				},
				{
					"name" : "L1[2]",
					"strict" : false
				},
				{
					"name" : "L1[3]",
					"strict" : false
				},
				{
					"name" : "L1[4]",
					"strict" : false
				},
				{
					"name" : "L1[5]",
					"strict" : false
				},
				{
					"name" : "L1[6]",
					"strict" : false
				},
				{
					"name" : "L2[0]",
					"strict" : false
				},
				{
					"name" : "L2[1]",
					"strict" : false
				},
				{
					"name" : "L2[2]",
					"strict" : false
				},
				{
					"name" : "L2[3]",
					"strict" : false
				},
				{
					"name" : "L2[4]",
					"strict" : false
				},
				{
					"name" : "L2[5]",
					"strict" : false
				},
				{
					"name" : "L2[6]",
					"strict" : false
				},
				{
					"name" : "L3[0]",
					"strict" : false
				},
				{
					"name" : "L3[2]",
					"strict" : false
				},
				{
					"name" : "L3[3]",
					"strict" : false
				},
				{
					"name" : "L3[4]",
					"strict" : false
				},
				{
					"name" : "L3[5]",
					"strict" : false
				},
				{
					"name" : "L3[6]",
					"strict" : false
				},
				{
					"name" : "control",
					"strict" : false
				},
				{
					"name" : "Leds3[0]",
					"strict" : false
				},
				{
					"name" : "Leds3[1]",
					"strict" : false
				},
				{
					"name" : "Leds3[2]",
					"strict" : false
				},
				{
					"name" : "Leds3[3]",
					"strict" : false
				},
				{
					"name" : "Leds3[4]",
					"strict" : false
				},
				{
					"name" : "Leds3[5]",
					"strict" : false
				},
				{
					"name" : "Leds3[6]",
					"strict" : false
				},
				{
					"name" : "Leds3[7]",
					"strict" : false
				},
				{
					"name" : "reloj",
					"strict" : false
				},
				{
					"name" : "switch[0]",
					"strict" : false
				},
				{
					"name" : "switch[1]",
					"strict" : false
				},
				{
					"name" : "switch[2]",
					"strict" : false
				},
				{
					"name" : "switch[3]",
					"strict" : false
				},
				{
					"name" : "switch[4]",
					"strict" : false
				},
				{
					"name" : "switch[5]",
					"strict" : false
				},
				{
					"name" : "switch[6]",
					"strict" : false
				},
				{
					"name" : "switch[7]",
					"strict" : false
				},
				{
					"name" : "RX_WIRE",
					"strict" : false
				},
				{
					"name" : "Pini",
					"strict" : false
				},
				{
					"name" : "Pfin",
					"strict" : false
				}
			]
		}
	]
}