{
	"partitions" : [
		{
			"name" : "Top",
			"pins" : [
				{
					"name" : "Lum[0]",
					"strict" : false
				},
				{
					"name" : "Lum[1]",
					"strict" : false
				},
				{
					"name" : "Lum[2]",
					"strict" : false
				},
				{
					"name" : "Lum[3]",
					"strict" : false
				},
				{
					"name" : "Lum[4]",
					"strict" : false
				},
				{
					"name" : "Lum[5]",
					"strict" : false
				},
				{
					"name" : "Lum[6]",
					"strict" : false
				},
				{
					"name" : "Ldm[0]",
					"strict" : false
				},
				{
					"name" : "Ldm[1]",
					"strict" : false
				},
				{
					"name" : "Ldm[2]",
					"strict" : false
				},
				{
					"name" : "Ldm[3]",
					"strict" : false
				},
				{
					"name" : "Ldm[4]",
					"strict" : false
				},
				{
					"name" : "Ldm[5]",
					"strict" : false
				},
				{
					"name" : "Ldm[6]",
					"strict" : false
				},
				{
					"name" : "Luh[0]",
					"strict" : false
				},
				{
					"name" : "Luh[1]",
					"strict" : false
				},
				{
					"name" : "Luh[2]",
					"strict" : false
				},
				{
					"name" : "Luh[3]",
					"strict" : false
				},
				{
					"name" : "Luh[4]",
					"strict" : false
				},
				{
					"name" : "Luh[5]",
					"strict" : false
				},
				{
					"name" : "Luh[6]",
					"strict" : false
				},
				{
					"name" : "Ldh[0]",
					"strict" : false
				},
				{
					"name" : "Ldh[1]",
					"strict" : false
				},
				{
					"name" : "Ldh[2]",
					"strict" : false
				},
				{
					"name" : "Ldh[3]",
					"strict" : false
				},
				{
					"name" : "Ldh[4]",
					"strict" : false
				},
				{
					"name" : "Ldh[5]",
					"strict" : false
				},
				{
					"name" : "Ldh[6]",
					"strict" : false
				},
				{
					"name" : "rst",
					"strict" : false
				},
				{
					"name" : "reloj",
					"strict" : false
				},
				{
					"name" : "pause",
					"strict" : false
				}
			]
		}
	]
}