{
	"partitions" : [
		{
			"name" : "Top",
			"pins" : [
				{
					"name" : "L1",
					"strict" : false
				},
				{
					"name" : "L2",
					"strict" : false
				},
				{
					"name" : "L3",
					"strict" : false
				},
				{
					"name" : "L4",
					"strict" : false
				},
				{
					"name" : "L5",
					"strict" : false
				},
				{
					"name" : "L6",
					"strict" : false
				},
				{
					"name" : "L7",
					"strict" : false
				},
				{
					"name" : "L8",
					"strict" : false
				},
				{
					"name" : "CLK",
					"strict" : false
				}
			]
		}
	]
}