{
	"partitions" : [
		{
			"name" : "Top",
			"pins" : [
				{
					"name" : "green[0]",
					"strict" : false
				},
				{
					"name" : "green[1]",
					"strict" : false
				},
				{
					"name" : "green[2]",
					"strict" : false
				},
				{
					"name" : "green[3]",
					"strict" : false
				},
				{
					"name" : "blue[0]",
					"strict" : false
				},
				{
					"name" : "blue[1]",
					"strict" : false
				},
				{
					"name" : "blue[2]",
					"strict" : false
				},
				{
					"name" : "blue[3]",
					"strict" : false
				},
				{
					"name" : "h_sync",
					"strict" : false
				},
				{
					"name" : "v_sync",
					"strict" : false
				},
				{
					"name" : "sw3",
					"strict" : false
				},
				{
					"name" : "sw4",
					"strict" : false
				},
				{
					"name" : "sw2",
					"strict" : false
				},
				{
					"name" : "sw1",
					"strict" : false
				},
				{
					"name" : "sw5",
					"strict" : false
				},
				{
					"name" : "sw6",
					"strict" : false
				},
				{
					"name" : "clk50MHz",
					"strict" : false
				}
			]
		}
	]
}