{
	"partitions" : [
		{
			"name" : "Top",
			"pins" : [
				{
					"name" : "Display1[0]",
					"strict" : false
				},
				{
					"name" : "Display1[2]",
					"strict" : false
				},
				{
					"name" : "Display1[5]",
					"strict" : false
				},
				{
					"name" : "Display2[0]",
					"strict" : false
				},
				{
					"name" : "Display2[1]",
					"strict" : false
				},
				{
					"name" : "Display2[2]",
					"strict" : false
				},
				{
					"name" : "Display2[3]",
					"strict" : false
				},
				{
					"name" : "Display2[4]",
					"strict" : false
				},
				{
					"name" : "Display2[5]",
					"strict" : false
				},
				{
					"name" : "Display2[6]",
					"strict" : false
				},
				{
					"name" : "Display3[1]",
					"strict" : false
				},
				{
					"name" : "Display3[2]",
					"strict" : false
				},
				{
					"name" : "Display3[3]",
					"strict" : false
				},
				{
					"name" : "Display3[6]",
					"strict" : false
				},
				{
					"name" : "RedL1",
					"strict" : false
				},
				{
					"name" : "BlueL1",
					"strict" : false
				},
				{
					"name" : "GreenL1",
					"strict" : false
				},
				{
					"name" : "control",
					"strict" : false
				},
				{
					"name" : "Pini",
					"strict" : false
				},
				{
					"name" : "Pfin",
					"strict" : false
				},
				{
					"name" : "Dec",
					"strict" : false
				},
				{
					"name" : "Inc",
					"strict" : false
				},
				{
					"name" : "reloj_sv",
					"strict" : false
				}
			]
		}
	]
}